{
      "HE,AR": {
            "(1, 2, 2, 3002)": 2.098842610289778e-16,
            "(2, 2, 2, 3002)": 1.1243480584572684e-16,
            "(12, 1, 1, 3002)": 8.640329988333877e-17,
            "(12, 1, 2, 3002)": 2.4632439359902585e-16,
            "(12, 1, 3, 3002)": 9.503667912437174e-16,
            "(12, 2, 2, 3002)": 1.9158653931801518e-16,
            "(1, 2, 2, 3000)": 2.0984509178512638e-16,
            "(2, 2, 2, 3000)": 1.1242344192438403e-16,
            "(12, 1, 1, 3000)": 8.638814080563844e-17,
            "(12, 1, 2, 3000)": 2.462802795090597e-16,
            "(12, 1, 3, 3000)": 9.501958788216985e-16,
            "(12, 2, 2, 3000)": 1.9155182297598676e-16
      }
}